{"nodes":null,"selection":null,"view":{"scroll":{"x":-830.4383544921875,"y":71.7811203002929688},"visible_rect":{"max":{"x":211.415557861328125,"y":765.04156494140625},"min":{"x":-1107.251220703125,"y":95.7081680297851562}},"zoom":0.749999940395355225}}